,video_id,video_title,channel_name
0,arj7oStGLkU,Tim Urban: Inside the mind of a master procrastinator | TED,TED
1,6Af6b_wyiwI,Bill Gates: The next outbreak? We’re not ready | TED,TED
2,eIho2S0ZahI,How to speak so that people want to listen | Julian Treasure,TED
3,DFjIi2hxxf0,Tom Thum: The orchestra in my mouth | TED,TED
4,KM4Xe6Dlp0Y,"Looks aren't everything. Believe me, I'm a model. | Cameron Russell",TED
5,GZGY0wPAnus,The art of misdirection | Apollo Robbins,TED
6,zIwLWfaAg-8,Elon Musk: The future we're building -- and boring | TED,TED
7,xYemnKEKx0c,Strange answers to the psychopath test | Jon Ronson,TED
8,8KkKuTCFvzI,Robert Waldinger: What makes a good life? Lessons from the longest study on happiness | TED,TED
9,P_6vDLq64gE,How to spot a liar | Pamela Meyer,TED
10,XFnGhrC_3Gs,How I held my breath for 17 minutes | David Blaine,TED
11,Ks-_Mh1QhMc,Your body language may shape who you are | Amy Cuddy,TED
12,iG9CE55wbtY,Do schools kill creativity? | Sir Ken Robinson,TED
13,7jx0dTYUO5E,Mary Roach: 10 things you didn't know about orgasm | TED,TED
14,PdxPCeWw75k,Hyeonseo Lee: My escape from North Korea | TED,TED
15,iCvmsMzlF7o,The power of vulnerability | Brené Brown,TED
16,9kxL9Cf46VM,"A Saudi, an Indian and an Iranian walk into a Qatari bar ... | Maz Jobrani",TED
17,qp0HIF3SfI4,How great leaders inspire action | Simon Sinek,TED
18,c0KYU2j0TM4,The power of introverts | Susan Cain,TED
19,8jPQjjsBbIc,How to stay calm when you know you'll be stressed | Daniel Levitin,TED
20,RcGyVTAoXEU,How to make stress your friend | Kelly McGonigal,TED
21,gnuFrtTNUTc,My journey to yo-yo mastery | BLACK,TED
22,CDsNZJTWw0w,"New bionics let us run, climb and dance | Hugh Herr",TED
23,P2AUat93a8Q,Rethinking infidelity ... a talk for anyone who has ever loved | Esther Perel,TED
24,H_8y0WLm78U,The price of shame | Monica Lewinsky,TED
25,R1vskiVDwl4,Celeste Headlee: 10 ways to have a better conversation | TED,TED
26,D9Ihs241zeg,Chimamanda Ngozi Adichie: The danger of a single story | TED,TED
27,-moW9jvvMr4,A simple way to break a bad habit | Judson Brewer,TED
28,6diqpGKOvic,Can you really tell if a kid is lying? | Kang Lee,TED
29,H14bBuluwB8,Grit: the power of passion and perseverance | Angela Lee Duckworth,TED
30,qYvXk_bqlBk,"Who are you, really? The puzzle of personality | Brian Little",TED
31,w2itwFJCgFQ,The astounding athletic power of quadcopters | Raffaello D'Andrea,TED
32,nCwwVjPNloY,My journey from Marine to actor | Adam Driver,TED
33,rrkrvAUbU9Y,The puzzle of motivation | Dan Pink,TED
34,GigYWy2UmOY,Brain magic | Keith Barry,TED
35,apbSsILLh28,What really matters at the end of life | BJ Miller,TED
36,PY9DcIMGxMs,Everything you think you know about addiction is wrong | Johann Hari,TED
37,RKK7wGAYP6k,How language shapes the way we think | Lera Boroditsky,TED
38,Fkd9TWUtFm0,A 12-year-old app developer | Thomas Suarez,TED
39,BdHK_r9RXTc,Reggie Watts disorients you in the most entertaining way,TED
40,lyu7v7nWzfo,Your brain hallucinates your conscious reality | Anil Seth,TED
41,MB5IX-np5fE,This could be why you're depressed or anxious | Johann Hari,TED
42,rSQNi5sAwuc,How to control someone else's arm with your brain | Greg Gage,TED
43,fxbCHn6gE3U,The surprising habits of original thinkers | Adam Grant,TED
44,Zo62S0ulqhA,What I learned from going blind in space | Chris Hadfield,TED
45,6iM6M_7wBMc,"How I climbed a 3,000-foot vertical cliff -- without ropes | Alex Honnold",TED
46,5MuIMqhT8DM,Sleep is your superpower | Matt Walker,TED
47,k0GQSJrpVhM,How to fix a broken heart | Guy Winch,TED
48,0NV1KdWRHck,"Thoughts on humanity, fame and love | Shah Rukh Khan",TED
49,BHY0FxzoKZE,Wendy Suzuki: The brain-changing benefits of exercise | TED,TED
50,RCXGpEmFbOw,Meet the dazzling flying machines of the future | Raffaello D'Andrea,TED
51,lmyZMtPVodo,Why good leaders make you feel safe | Simon Sinek,TED
52,o_XVt5rdpFY,The secrets of learning a new language | Lýdia Machová,TED
53,fB8UTheTR7s,Bluegrass virtuosity from ... New Jersey? | Sleepy Man Banjo Boys,TED
54,UyyjU8fzEYU,My stroke of insight | Jill Bolte Taylor,TED
55,n3kNlFMXslo,How to gain control of your free time | Laura Vanderkam,TED
56,yqc9zX04DXs,The history of our world in 18 minutes | David Christian,TED
57,zORUUqJd81M,Why does the universe exist? | Jim Holt,TED
58,x2sT9KoII_M,Fly with the Jetman | Yves Rossy,TED
59,r9LCwI5iErE,The transformative power of classical music | Benjamin Zander,TED
60,IRVdiHu1VCc,Learning from dirty jobs | Mike Rowe,TED
61,B_tjKYvEziI,You can grow new brain cells. Here's how | Sandrine Thuret,TED
62,8COaMKbNrX0,"Are athletes really getting faster, better, stronger? | David Epstein",TED
63,xjBIsp8mS-c,Questioning the universe | Stephen Hawking,TED
64,FktsFcooIG8,Your brain on video games | Daphne Bavelier,TED
65,hJnEQCMA5Sg,Why are these 32 symbols found in caves all over Europe | Genevieve von Petzinger,TED
66,bVV2Zk88beY,I grew up in the Westboro Baptist Church. Here's why I left | Megan Phelps-Roper,TED
67,rfi3w9Bzwik,"The story of 'Oumuamua, the first visitor from another star system | Karen J. Meech",TED
68,sa0RUmGTCYY,The secret to desire in a long-term relationship | Esther Perel,TED
69,buRLc2eWGPQ,I got 99 problems... palsy is just one | Maysoon Zayid,TED
70,wX78iKhInsc,How to escape education's death valley | Sir Ken Robinson,TED
71,psN1DORYYV0,Listening to shame | Brené Brown,TED
72,0snNB1yS3IE,If I should have a daughter ... | Sarah Kay,TED
73,xMj_P_6H69g,The art of asking | Amanda Palmer,TED
74,-eBUcBfkVCo,"Depression, the secret we share | Andrew Solomon",TED
75,SgOTaXhbqPQ,What hallucination reveals about our minds | Oliver Sacks,TED
76,v9EKV2nSU8w,The nightmare videos of childrens' YouTube — and what's wrong with the internet today | James Bridle,TED
77,SFnMTHhKdkw,Rita Pierson: Every kid needs a champion | TED,TED
78,gypAjPp6eps,The most mysterious star in the universe | Tabetha Boyajian,TED
79,-vZXgApsPCQ,What I learned from 100 days of rejection | Jia Jiang,TED
80,y9Trdafp83U,There's more to life than being happy | Emily Esfahani Smith,TED
81,t9c7aheZxls,Your kids might live on Mars. Here's how they'll survive | Stephen Petranek,TED
82,95ovIJ3dsNk,How childhood trauma affects health across a lifetime | Nadine Burke Harris,TED
83,aR5N2Jl8k14,The incredible inventions of intuitive AI | Maurice Conti,TED
84,VO6XEQIsCoM,The paradox of choice | Barry Schwartz,TED
85,bNpx7gpSqbY,The single biggest reason why start-ups succeed | Bill Gross,TED
86,ziGD7vQOwl8,The unheard story of David and Goliath | Malcolm Gladwell,TED
87,_X0mgOOSpLU,The power of believing that you can improve | Carol Dweck,TED
88,YrtANPtnhyg,The thrilling potential of SixthSense technology | Pranav Mistry,TED
89,SjSHVDfXHQ4,The magic of Fibonacci numbers | Arthur Benjamin,TED
90,1X7fZoDs9KU,Which country does the most good for the world? | Simon Anholt,TED
91,wzkFoetp-_M,What it's like to be a Muslim in America | Dalia Mogahed,TED
92,o8NPllzkFhE,The mind behind Linux | Linus Torvalds,TED
93,pnv5iKB2hl4,Why city flags may be the worst-designed thing you've never noticed | Roman Mars,TED
94,WZWRhLW7Y8w,What if a US presidential candidate refuses to concede after an election? | Van Jones,TED
95,6kH-uYwt0qs,An ultra-low-cost college degree | Shai Reshef,TED
96,Pl8OlkkwRpc,How the blockchain is changing money and business | Don Tapscott,TED
97,XI5frPV58tY,6 ways mushrooms can save the world | Paul Stamets,TED
98,86x-u-tz0MA,Your elusive creative genius | Elizabeth Gilbert,TED
99,46w99bZ3W_M,The mad scientist of music | Mark Applebaum,TED
100,F2hc2FLOdhI,How to practice emotional first aid | Guy Winch,TED
101,DTcJmIbn5nw,"""Everything happens for a reason"" -- and other lies I've loved | Kate Bowler",TED
102,qzR62JJCMBQ,All it takes is 10 mindful minutes | Andy Puddicombe,TED
103,yQqthbvYE8M,The War in Ukraine Could Change Everything | Yuval Noah Harari | TED,TED
104,RmXiItk49Gw,Did you hear the one about the Iranian-American? | Maz Jobrani,TED
105,JaF-fq2Zn7I,Innovating to zero! | Bill Gates,TED
106,FiZqn6fV-4Y,Hidden miracles of the natural world | Louie Schwartzberg,TED
107,aISXCw0Pi94,Molly Wright: How every child can thrive by five | TED,TED
108,qaIghx4QRN4,Where are all the aliens? | Stephen Webb,TED
109,F89eycANUrQ,"How I learned to read -- and trade stocks -- in prison | Curtis ""Wall Street"" Carroll",TED
110,d6wG_sAdP0U,How I hacked online dating | Amy Webb,TED
111,cSohjlYQI2A,5 ways to listen better | Julian Treasure,TED
112,u1K6hnm09xs,Making peace is a marathon | May El-Khalil,TED
113,ON4iy8hq2hM,The difference between healthy and unhealthy love | Katie Hood,TED
114,c0Z7KeNCi7g,"Homeopathy, quackery and fraud | James Randi",TED
115,V1yW5IsnSjo,Why domestic violence victims don't leave | Leslie Morgan Steiner,TED
116,vhhgI4tSMwc,Why 30 is not the new 20 | Meg Jay,TED
117,FETryXMpDl8,What Islam really says about women | Alaa Murabit,TED
118,pzN4WGPC4kc,How the mysterious dark net is going mainstream | Jamie Bartlett,TED
119,sa1iS1MqUy4,"""To This Day"" ... for the bullied and beautiful | Shane Koyczan",TED
120,3VTsIju1dLI,How craving attention makes you less creative | Joseph Gordon-Levitt,TED
121,QijH4UAqGD8,Get comfortable with being uncomfortable | Luvvie Ajayi Jones,TED
122,fLJsdqxnZb0,The happy secret to better work | Shawn Achor,TED
123,IgKWPdJWuBQ,"The mind behind Tesla, SpaceX, SolarCity ... | Elon Musk",TED
124,nzj7Wg4DAbs,Why humans run the world | Yuval Noah Harari,TED
125,LjAsM1vAhW0,Peter van Uhm: Why I chose a gun,TED
126,Y8u42OjH0ss,What you don't know about marriage | Jenna McCarthy,TED
127,5J6jAC6XxAI,Why you should define your fears instead of your goals | Tim Ferriss,TED
128,18uDutylDa4,Why we have too few women leaders | Sheryl Sandberg,TED
129,6weGCM3sWKc,This is what it's like to go undercover in North Korea | Suki Kim,TED
130,YyXRYgjQXX0,Are you a giver or a taker? | Adam Grant,TED
131,8nt3edWLgIg,Can we build AI without losing control over it? | Sam Harris,TED
132,Fg_JcKSHUtQ,A robot that flies like a bird | Markus Fischer,TED
133,Gz8RlHf3Czs,Nicole Paris and Ed Cage: A beatboxing lesson from a father-daughter duo | TED,TED
134,7Lc_dlVrg5M,This country isn't just carbon neutral — it's carbon negative | Tshering Tobgay,TED
135,H3TF-hI7zKc,How sampling transformed music | Mark Ronson,TED
136,iIwbuS526PI,A young guitarist meets his hero | Usman Riaz and Preston Reed,TED
137,yVwAodrjZMY,How we take back the internet | Edward Snowden,TED
138,BIvezCVcsYs,How to take a picture of a black hole | Katie Bouman,TED
139,lyR-K2CZIHQ,I am the son of a terrorist. Here's how I chose peace | Zak Ebrahim,TED
140,ueOqYebVhtc,How movies teach manhood | Colin Stokes,TED
141,Cetg4gu0oQQ,"Why I'm done trying to be ""man enough"" | Justin Baldoni",TED
142,CyElHdaqkjo,How to Raise Successful Kids -- Without Over-Parenting | Julie Lythcott-Haims | TED,TED
143,UtBsl3j0YRQ,Want to be happy? Be grateful | David Steindl-Rast,TED
144,Y6bbMQXQ180,"Secrets of success in 8 words, 3 minutes | Richard St. John",TED
145,Y_9vd4HWlVA,Imaging at a trillion frames per second | Ramesh Raskar,TED
146,xuAAPsiD768,The secret US prisons you've never heard of before | Will Potter,TED
147,AO4In7d6X-c,"Meet Spot, the robot dog that can run, hop and open doors | Marc Raibert",TED
148,troxvPRmZm8,Learn to read Chinese ... with ease! | ShaoLan,TED
149,DESCcjSQSKY,A cleanse won't detox your body -- but here's what will | Body Stuff with Dr. Jen Gunter,TED
150,1_oa8m5Oq00,Close-up card magic with a twist | Lennart Green,TED
151,c0bsKc4tiuY,Why you should make useless things | Simone Giertz,TED
152,kK_UjBmHqQw,"Magical houses, made of bamboo | Elora Hardy",TED
153,pvBlSFVmoaw,Electrical experiments with plants that count and communicate | Greg Gage,TED
154,twG4mr6Jov0,What You Can Do to Prevent Alzheimer's | Lisa Genova | TED,TED
155,9vpqilhW9uI,Why our IQ levels are higher than our grandparents' | James Flynn,TED
156,mf5otGNbkuc,Optical illusions show how we see | Beau Lotto,TED
157,6ibCtsHgz3Y,How books can open your mind | Lisa Bu,TED
158,ZMGZQZRIsJE,"The violin, and my dark night of the soul | Ji-Hae Park",TED
159,8XQ1onjXJK0,Are China and the US doomed to conflict? | Kevin Rudd,TED
160,uyMtsyzXWd4,Inside the black hole image that made history | Sheperd Doeleman,TED
161,8T_jwq9ph8k,Why people believe weird things | Michael Shermer,TED
162,aSL-iIskEFU,Why giving away our wealth has been the most satisfying thing we've done... | Bill and Melinda Gates,TED
163,wAIP6fI0NAI,How one tweet can ruin your life | Jon Ronson,TED
164,ZL-6MeYBeUs,What I learned as a prisoner in North Korea | Euna Lee,TED
165,RiM5a-vaNkg,How the worst moments in our lives make us who we are | Andrew Solomon,TED
166,TGZMSmcuiXM,Sebastian Junger: Why veterans miss war,TED
167,Sm5xF-UYgdg,How not to be ignorant about the world | Hans and Ola Rosling,TED
168,YtdE662eY_M,Making sense of string theory | Brian Greene,TED
169,HYzrdn7YLCM,Lessons from death row inmates | David R. Dow,TED
170,LWULB9Aoopc,Why do we sleep? | Russell Foster,TED
171,90mj79GqWhc,"Billy Graham: Technology, faith and human shortcomings",TED
172,xsEJ6GeAGb0,What's normal anxiety -- and what's an anxiety disorder? | Body Stuff with Dr. Jen Gunter,TED
173,VxGMqKCcN6A,Militant atheism | Richard Dawkins,TED
174,vbLEf4HR74E,The habits of happiness | Matthieu Ricard,TED
175,8nbeD1mwCdo,What's hidden under the Greenland ice sheet? | Kristin Poinar,TED
176,OsFEV35tWsg,The psychology of evil | Philip Zimbardo,TED
177,gyPoqFcvt9w,Our story of rape and reconciliation | Thordis Elva and Tom Stranger,TED
178,-FOCpMAww28,TED's secret to great public speaking | Chris Anderson,TED
179,OhCzX0iLnOc,The danger of AI is weirder than you think | Janelle Shane,TED
180,MnT1xgZgkpk,What happens when our computers get smarter than we are? | Nick Bostrom,TED
181,KxDwieKpawg,Andrew Stanton: The clues to a great story,TED
182,XewnyUJgyA4,Is war between China and the US inevitable? | Graham Allison,TED
183,UMhLBPPtlrY,Peter Attia: What if we're wrong about diabetes?,TED
184,3GVO-MfIl1Q,Rodney Mullen: Pop an ollie and innovate!,TED
185,OlLFK8oSNEM,What a driverless world could look like | Wanis Kabbaj,TED
186,U5kIdtMJGc8,The mathematician who cracked Wall Street | Jim Simons,TED
187,81Ub0SMxZQo,Bill Gates: Teachers need real feedback,TED
188,A_xXC37CDSw,I don't want children -- stop telling me I'll change my mind | Christen Reighter,TED
189,O_MQr4lHm0c,How changing your story can change your life | Lori Gottlieb,TED
190,IU3V6zNER4g,How to truly listen | Evelyn Glennie,TED
191,0MM-psvqiG8,The difference between winning and succeeding | John Wooden,TED
192,th3KE_H27bs,The dirty secret of capitalism -- and a new way forward | Nick Hanauer,TED
193,zAFcV7zuUDA,How to tie your shoes | Terry Moore,TED
194,ihR9SX7dgRo,What if 3D printing was 100x faster? | Joseph DeSimone,TED
195,RplnSVTzvnU,How the blockchain will radically transform the economy | Bettina Warburg,TED
196,mLzTo-y8Ef0,What I learned about freedom after escaping North Korea | Yeonmi Park,TED
197,syjEN3peCJw,The voices in my head | Eleanor Longden,TED
198,imhUmLtlZpw,Understanding the rise of China | Martin Jacques,TED
199,wKlMcLTqRLs,Autism — what we know (and what we don't know yet) | Wendy Chung,TED
200,oYp5XuGYqqY,Do we see reality as it is? | Donald Hoffman,TED
201,5UGC2nLnaes,The freakonomics of McDonalds vs. drugs | Steven Levitt,TED
202,go_QOzc79Uc,Teach every child about food | Jamie Oliver,TED
203,nZ-VjUKAsao,Unveiling game-changing wearable tech | Pattie Maes,TED
204,FJJe8PXEUhk,Maybe the best robot demo ever | Marco Tempest,TED
205,mjUsobGWhs8,How to grow a forest in your backyard | Shubhendu Sharma,TED
206,16p9YRF0l-g,How to build your creative confidence | David Kelley,TED
207,4ErEBkj_3PY,Robots that fly ... and cooperate | Vijay Kumar,TED
208,WFCvkkDSfIU,Drew Berry: Animations of unseeable biology,TED
209,H0_yKBitO8M,"Build a tower, build a team | Tom Wujec",TED
210,RUwS1uAdUcI,Hans Rosling: Debunking third-world myths with the best stats you've ever seen,TED
211,zO-aCQ6xH-8,World champion whistler | Geert Chatrou,TED
212,M4so_Z9a_u0,"An Art Made of Trust, Vulnerability and Connection | Marina Abramović | TED Talks",TED
213,NgDGlcxYrhQ,Paper towns and why learning is awesome | John Green,TED
214,QuR969uMICM,A beginner's guide to quantum computing | Shohini Ghose,TED
215,pgmiPXAwiLg,My failed mission to find God -- and what I found instead | Anjali Kumar,TED
216,BPsSKKL8N0s,The surprising science of alpha males | Frans de Waal,TED
217,LTO_dZUvbJA,Why are we happy? Why aren't we happy? | Dan Gilbert,TED
218,-MTRxRO5SRA,Let's teach for mastery -- not test scores | Sal Khan,TED
219,WRS9Gek4V5Q,Give yourself permission to be creative | Ethan Hawke,TED
220,1cQbMP3I5Sk,The dawn of the age of holograms | Alex Kipman,TED
221,PB2OegI6wvI,How reliable is your memory? | Elizabeth Loftus,TED
222,OqUaEJLfrLo,A Black man goes undercover in the alt-right | Theo E.J. Wilson,TED
223,Un2yBgIAxYs,How trees talk to each other | Suzanne Simard,TED
224,HSercnrqeN4,A hilarious celebration of lifelong female friendship | Jane Fonda and Lily Tomlin,TED
225,iB4MS1hsWXU,The lies our culture tells us about what matters --- and a better way to live | David Brooks,TED
226,DTepA-WV_oE,Dan Dennett: Responding to Pastor Rick Warren,TED
227,hha0NsYXS5c,Why the buildings of the future will be shaped by ... you | Marc Kushner,TED
228,w4RLfVxTGH4,Why you think you're right -- even if you're wrong | Julia Galef,TED
229,IFjD3NMv6Kw,7 principles for building better cities | Peter Calthorpe,TED
230,NiKtZgImdlY,The danger of silence | Clint Smith,TED
231,mc0vhSseGk4,Impossible photography | Erik Johansson,TED
232,YVvn8dpSAt0,Underwater astonishments | David Gallo,TED
233,b-iGZPtWXzE,Are we born to run? | Christopher McDougall,TED
234,2NENlXsW4pM,"A virtual choir 2,000 voices strong | Eric Whitacre",TED
235,FMkJVXi7Rp8,Nerdcore comedy | Ze Frank,TED
236,MtSE4rglxbY,"A kinder, gentler philosophy of success | Alain de Botton",TED
237,rXepkIWPhFQ,Michael Pritchard: How to make filthy water drinkable,TED
238,xBIVlM435Zg,How to get your ideas to spread | Seth Godin,TED
239,9X68dm92HVI,Are we in control of our decisions? | Dan Ariely,TED
240,cXbXNV9-ZAg,My love letter to cosplay | Adam Savage,TED
241,dcwuBo4PvE0,Why Brexit happened -- and what to do next | Alexander Betts,TED
242,iIiAAhUeR6Y,"Choice, happiness and spaghetti sauce | Malcolm Gladwell",TED
243,1APOxsp1VFw,Why the universe seems so strange | Richard Dawkins,TED
244,0gks6ceq4eQ,You aren't at the mercy of your emotions -- your brain creates them | Lisa Feldman Barrett,TED
245,GcJxRqTs5nk,Moral behavior in animals | Frans de Waal,TED
246,c-4flnuxNV4,Why we make bad decisions | Dan Gilbert,TED
247,QgKCrGvShZs,Wii remote hacks | Johnny Lee,TED
248,9uOMectkCCs,The first secret of great design | Tony Fadell,TED
249,Zx8uYIfUvh4,"Never, ever give up | Diana Nyad",TED
250,szt7f5NmE9E,Nationalism vs. globalism: the new political divide | Yuval Noah Harari,TED
251,1U2qMRGihGg,The brain benefits of deep sleep -- and how to get more of it |  Dan Gartenberg,TED
252,VM6HZqQKhok,My descent into America’s neo-Nazi movement -- and how I got out | Christian Picciolini,TED
253,M4vqr3_ROIk,"Lightning calculation and other ""mathemagic"" | Arthur Benjamin",TED
254,VQRjouwKDlU,4 reasons to learn a new language | John McWhorter,TED
255,t7Xr3AsBEK4,"Connected, but alone? | Sherry Turkle",TED
256,fjbWr3ODbAo,The illusion of consciousness | Dan Dennett,TED
257,NHopJHSlVo4,Keep your goals to yourself | Derek Sivers,TED
258,k0Fx6igxRv8,War in Ukraine -- and What It Means for the World Order | Ian Bremmer | TED,TED
259,Dar8P3r7GYA,SpaceX's plan to fly you across the globe in 30 minutes | Gwynne Shotwell,TED
260,x-ewvCNguug,"Why we love, why we cheat | Helen Fisher",TED
261,HpiZTvlWx2g,Malcolm Gladwell: The strange tale of the Norden bombsight,TED
262,OYfoGTIG7pY,The brain in love | Helen Fisher,TED
263,nLeeTVmVrtA,The family I lost in North Korea. And the family I gained | Joseph Kim,TED
264,kQa11RMCeSI,Jack Horner: Shape-shifting dinosaurs,TED
265,3z1cCT2NP4k,New York -- before the City | Eric Sanderson,TED
266,8UPHFjHvGvY,An electrifying acoustic guitar performance | Rodrigo y Gabriela,TED
267,c2tOp7OxyQ8,Bryan Stevenson: We need to talk about an injustice | TED,TED
268,V74AxCqOTvg,How to start a movement | Derek Sivers,TED
269,TdBAHexVYzc,How CRISPR lets us edit our DNA | Jennifer Doudna,TED
270,ydKcaIE6O1k,Poverty isn't a lack of character; it's a lack of cash | Rutger Bregman,TED
271,U6PoUg7jXsA,Feats of memory anyone can do | Joshua Foer,TED
272,0R9zjn9BBvA,You are fluent in this language (and don't even know it) | Christoph Niemann,TED
273,MJK-dMlATmM,One more reason to get a good night’s sleep | Jeff Iliff,TED
274,ZQElzjCsl9o,Math is the hidden secret to understanding the world | Roger Antonsen,TED
275,dIh8KBOOkYU,The polyphonic me | Beardyman,TED
276,ezVk1ahRF78,Religions and babies | Hans Rosling,TED
277,8GQZuzIdeQQ,How to make hard choices | Ruth Chang,TED
278,gmj-azFbpkA,My year of saying yes to everything | Shonda Rhimes,TED
279,0af00UcTO-c,Where good ideas come from | Steven Johnson,TED
280,t0kACis_dJE,"6 tips for better sleep | Sleeping with Science, a TED series",TED
281,swB7Ivct8d8,How we'll earn money in a future without jobs | Martin Ford,TED
282,ccIt-qRQBoI,Ze Frank: Are you human?,TED
283,btQHSDrLlok,Why you shouldn't worry about pooping once a day | Body Stuff with Dr. Jen Gunter,TED
284,4c1lqFXHvqI,Can we create new senses for humans? | David Eagleman,TED
285,4sZdcB6bjI8,Why some of us don't have one true calling | Emilie Wapnick,TED
286,utV1sdjr4PY,"Robots with ""soul"" | Guy Hoffman",TED
287,r9LelXa3U_I,Bring on the learning revolution! | Sir Ken Robinson,TED
288,L4N1q4RNi9I,Why the secret to success is setting the right goals | John Doerr | TED,TED
289,fTznEIZRkLg,"Hans Rosling: Global population growth, box by box",TED
290,mWA2uL8zXPI,What young women believe about their own sexual pleasure | Peggy Orenstein,TED
291,LeBKBFAPwNc,Why I love a country that once betrayed me | George Takei,TED
292,tSciinXdGhI,"Why 1.5 billion people eat with chopsticks | Small Thing Big Idea, a TED series",TED
293,amSqQ5XNaGE,Incredible high school musicians from Venezuela! | Gustavo Dudamel,TED
294,2IFa0tqHrwE,"Mentalism, mind reading and the art of getting inside your head | Derren Brown",TED
295,B8ofWFx525s,"Beware online ""filter bubbles"" | Eli Pariser",TED
296,g3vSYbT1Aco,Why you don’t like the sound of your own voice | Rébecca Kleinberger,TED
297,3zJHwOwirjA,3 questions to ask yourself about everything you do | Stacey Abrams,TED
298,PbgB2TaYhio,This deep-sea mystery is changing our understanding of life | Karen Lloyd,TED
299,vMKNUylmanQ,Jeff Bezos: The electricity metaphor,TED
300,8_zk2DpgLCs,3 things I learned while my plane crashed | Ric Elias,TED
301,IESYMFtLIis,Why societies collapse | Jared Diamond,TED
302,b694exl_oZo,"My creations, a new form of life | Theo Jansen",TED
303,EzZzZ_qpZ4w,A guerilla gardener in South Central LA | Ron Finley,TED
304,yCm9Ng0bbEQ,Is the world getting better or worse? A look at the numbers | Steven Pinker,TED
305,CL-SiaFuLo4,"On tennis, love and motherhood | Serena Williams and Gayle King",TED
306,sucza6EOIf0,"One woman, eight hilarious characters | Sarah Jones",TED
307,akOe5-UsQ2o,The urgency of intersectionality | Kimberlé Crenshaw,TED
308,BNHGY0PB1UU,Teenaged boy wonders play bluegrass | The Sleepy Man Banjo Boys,TED
309,RZgkjEdMbSw,"How to deconstruct racism, one headline at a time | Baratunde Thurston",TED
310,U9cGdRNMdQQ,The hidden power of smiling | Ron Gutman,TED
311,J5jwEyDaR-0,The best kindergarten you’ve ever seen | Takaharu Tezuka,TED
312,o08ykAqLOxk,How We Can Make the World a Better Place by 2030 | Michael Green | TED Talks,TED
313,dE1DuBesGYM,Gaming can make a better world | Jane McGonigal,TED
314,JJZ8z_nTCZQ,How menopause affects the brain | Lisa Mosconi,TED
315,iHWIZsIBj3Q,Forget Wi-Fi. Meet the new Li-Fi Internet | Harald Haas,TED
316,8K9Gg164Bsw,"I'm not your inspiration, thank you very much | Stella Young",TED
317,nq0_zGzSc8g,Stuart Firestein: The pursuit of ignorance,TED
318,LIckScLypGA,"In the Internet age, dance evolves ... | The LXD",TED
319,_waBFUg_oT8,"Success, failure and the drive to keep creating | Elizabeth Gilbert",TED
320,b5ZESpOAolU,How to build your confidence -- and spark it in others | Brittany Packnett Cunningham,TED
321,k9fmJ5xQ_mc,Jamila Lyiscott: 3 ways to speak English | TED,TED
322,87qLWFZManA,Three ideas. Three contradictions. Or not. | Hannah Gadsby,TED
323,nTFEUsudhfs,Let's use video to reinvent education | Salman Khan,TED
324,2Oe6HUgrRlQ,Atheism 2.0 | Alain de Botton,TED
325,9FBxfd7DL3E,The new era of positive psychology | Martin Seligman,TED
326,HXbsVbFAczg,How to build a company where the best ideas win | Ray Dalio,TED
327,aUYSDEYdmzw,What it takes to be a great leader | Roselinde Torres | TED,TED
328,Gj8IA6xOpSk,The call to learn | Clifford Stoll,TED
329,uhRhtFFhNzQ,How do you explain consciousness? | David Chalmers,TED
330,mAp6X0zZfx0,Talking and squawking | Einstein the parrot and Stephanie White,TED
331,Kxg0_EpOcWs,"The Chinese zodiac, explained | ShaoLan",TED
332,B9bDZ5-zPtY,Can we eat to starve cancer? | William Li,TED
333,5HL1BEC024g,Taylor Wilson: My radical plan for small nuclear fission reactors,TED
334,o2DDU4g0PRo,Fake videos of real people -- and how to spot them | Supasorn Suwajanakorn,TED
335,cXQrbxD9_Ng,What will future jobs look like? | Andrew McAfee,TED
336,WhpAYw9kCt8,The agony of opioid withdrawal — and what doctors should tell patients about it | Travis Rieder,TED
337,u7SWcQaoaRQ,What we didn't know about male anatomy | Diane Kelly,TED
338,sAQfzHBpRsc,Mark Bezos: A life lesson from a volunteer firefighter,TED
339,_6uKZWnJLCM,CERN's supercollider | Brian Cox,TED
340,0QVXdEOiCw8,Building a dinosaur from a chicken | Jack Horner,TED
341,XgRlrBl-7Yg,The riddle of experience vs. memory | Daniel Kahneman,TED
342,JnfBXjWm7hc,Try something new for 30 days | Matt Cutts,TED
343,fC9da6eqaqg,"Teach girls bravery, not perfection | Reshma Saujani",TED
344,GB4s5b9NL3I,Capitalism will eat democracy -- unless we speak up | Yanis Varoufakis,TED
345,q2gO4DKVpa8,"Beware, fellow plutocrats, the pitchforks are coming | Nick Hanauer",TED
346,khkJkR-ipfw,"We don't ""move on"" from grief. We move forward with it | Nora McInerny",TED
347,C2p42GASnUo,"Jorge Drexler: Poetry, music and identity (with English subtitles) | TED",TED
348,w8lH8tNlAXc,What will humans look like in 100 years? | Juan Enriquez,TED
349,RzP_kIXsuvA,Playing the Cape Breton fiddle | Natalie MacMaster,TED
350,NDQ1Mi5I4rg,The gift and power of emotional courage | Susan David,TED
351,yFVXsjVdvmY,The mathematics of love | Hannah Fry,TED
352,ni4FV5zL6lM,How to Avoid Surveillance...With Your Phone | Christopher Soghoian | TED Talks,TED
353,kwYxHPXIaao,Rajesh Rao: Computing a Rosetta Stone for the Indus script,TED
354,JQ0iMulicgg,It's not fair having 12 pairs of legs | Aimee Mullins,TED
355,G8yKFVPOD6o,William Kamkwamba: How I built a windmill,TED
356,EiTrl0W1QrM,"Why nations should pursue ""soft"" power | Shashi Tharoor",TED
357,36zrJfAFcuc,His Holiness Pope Francis | Why the only future worth building includes everyone | TED Talks,TED
358,f6CILJA110Y,A tale of mental illness | Elyn Saks,TED
359,L-q-tSHo9Ho,The truth about unwanted arousal | Emily Nagoski,TED
360,0gMCZFHv9v8,"The emergence of ""4D printing"" | Skylar Tibbits",TED
361,lfBpsV1Hwqs,The game that can give you 10 extra years of life | Jane McGonigal,TED
362,fn_9f5x0f1Q,The world needs all kinds of minds | Temple Grandin,TED
363,5XD2kNopsUs,Why work doesn't happen at work | Jason Fried,TED
364,66ko_cWSHBU,The Math Behind Basketball's Wildest Moves | Rajiv Maheswaran | TED Talks,TED
365,-Qe8cR4Jl10,Why we need to talk about depression | Kevin Breel,TED
366,Cgxsv1riJhI,How computers learn to recognize objects instantly | Joseph Redmon,TED
367,OQSMr-3GGvQ,Facebook's role in Brexit — and the threat to democracy | Carole Cadwalladr,TED
368,ivfJJh9y1UI,This Is What LGBT Life Is Like Around the World | Jenni Chang and Lisa Dazols | TED Talks,TED
369,tkIg-SxPzTA,Alzheimer’s Is Not Normal Aging — And We Can Cure It | Samuel Cohen | TED Talks,TED
370,YhvfOlPYifY,A garden in my apartment | Britta Riley,TED
371,40riCqvRoMs,How we teach computers to understand pictures | Fei Fei Li,TED
372,WfTZ5iIUn4s,The art of bow-making | Dong Woo Jang,TED
373,iPE2_iCCo0w,"Smash fear, learn anything | Tim Ferriss",TED
374,zwpiI18TBdE,Inside the mind of a former radical jihadist | Manwar Ali,TED
375,mCZCok_u37w,Why I must come out | Geena Rocero,TED
376,XiEQmcZi8cM,Islamophobia killed my brother. Let's end the hate | Suzanne Barakat,TED
377,dDZoGcQVjJg,A one-man musical phenomenon | Jacob Collier,TED
378,_qgSz1UmcBM,How Quantum Biology Might Explain Life’s Biggest Questions | Jim Al-Khalili | TED Talks,TED
379,mArrNRWQEso,Where's Google going next? | Larry Page,TED
380,cZ7LzE3u7Bw,How economic inequality harms societies | Richard Wilkinson,TED
381,bvAEJ8G9l9U,How to find work you love | Scott Dinsmore,TED
382,6cL5Nud8d7w,4 ways to make a city more walkable | Jeff Speck,TED
383,s0YjL9rZyR0,Eric X. Li: A tale of two political systems,TED
384,HNMQ_w7hXTA,The surprisingly charming science of your gut | Giulia Enders,TED
385,iueVZJVEmEs,Rory Sutherland: Perspective is everything,TED
386,9EVEmZ2c_es,"Love, no matter what | Andrew Solomon",TED
387,b8z6HfSq7l8,Why our universe might exist on a knife-edge | Gian Giudice,TED
388,fumsXEuiLyk,The magic of truth and lies (and iPods) | Marco Tempest,TED
389,V-bjOJzB7LY,What adults can learn from kids | Adora Svitak,TED
390,oIZDtqWX6Fk,The lie that invented racism | John Biewen,TED
391,oKtALHe3Y9Q,Color blind or color brave? | Mellody Hobson,TED
392,idfv7Lw4Y_s,This ancient rock is changing our theory on the origin of life | Tara Djokic,TED
393,oy25A7vnigg,Sting: How I started writing songs again,TED
394,erCAp_Bd0AQ,Hackers: the internet's immune system | Keren Elazari,TED
395,5aH2Ppjpcho,What makes us feel good about our work? | Dan Ariely,TED
396,vMQlj9TZQfE,"Erika Cheung: Theranos, whistleblowing and speaking truth to power | TED",TED
397,Pzd7ReqiQnE,Different ways of knowing | Daniel Tammet,TED
398,cC0KxNeLp1E,The hilarious art of book design | Chip Kidd,TED
399,FPhHHtn8On8,Who am I? Think again | Hetain Patel,TED
400,dk60sYrU2RU,New experiments in self-teaching | Sugata Mitra,TED
401,nw52e0dfCaA,A TED speaker's worst nightmare | Colin Robertson,TED
402,flb_S5JJC4k,What it was like to grow up under China's one-child policy | Nanfu Wang,TED
403,GZadCj8O1-0,The $8 billion iPod | Rob Reid,TED
404,y4vurv9usYA,What it's really like to have autism | Ethan Lisi,TED
405,bfAzi6D5FpM,The way we think about charity is dead wrong | Dan Pallotta,TED
406,UxLRv0FEndM,Why we laugh | Sophie Scott,TED
407,LN820hIQ17Q,A journey through the mind of an artist | Dustin Yellin,TED
408,I64CQp6z0Pk,"Comics that ask ""what if?"" | Randall Munroe",TED
409,RlQEoJaLQRA,The three ways that good design makes you happy | Don Norman,TED
410,6-tqiaPoS2U,The first 21 days of a bee’s life | Anand Varma,TED
411,fXIeFJCqsPs,"Mihaly Csikszentmihalyi: Flow, the secret to happiness",TED
412,L8YJtvHGeUU,"Less stuff, more happiness | Graham Hill",TED
413,OtIyx687ytk,Letting go of God | Julia Sweeney,TED
414,rmfzwwrCrrU,How will we survive when the population hits 10 billion? | Charles C. Mann,TED
415,nisSeC81u2M,3 lessons on decision-making from a poker champion | Liv Boeree,TED
416,h7u6N-cSWtY,The genius puppetry behind War Horse | Handspring Puppet Company,TED
417,1mLQFm3wEfw,3 ways to make better decisions -- by thinking like a computer | Tom Griffiths,TED
418,vpjVgF5JDq8,The mystery box | JJ Abrams,TED
419,M0yhHKWUa0g,Don't eat the marshmallow! | Joachim de Posada,TED
420,6d6oq0zGGmw,The brain may be able to repair itself -- with help | Jocelyne Bloch,TED
421,Nhx1_yXMwCg,Charmian Gooch: Meet global corruption's hidden players,TED
422,640BQNxB5mc,A life of purpose | Rick Warren,TED
423,3qF26MbYgOA,Sir Martin Rees: Earth in its final century?,TED
424,h4mmeN8gv9o,"My Daughter, Malala | Ziauddin Yousafzai | TED Talks",TED
425,ajGgd9Ld-Wc,How AI can save our humanity | Kai-Fu Lee,TED
426,1BXYSGepx7Q,What you need to know about CRISPR | Ellen Jorgensen,TED
427,7uRPPaYuu44,Where did the Moon come from? A new theory | Sarah T. Stewart,TED
428,zU-5GcqzHNM,The lies we tell pregnant women | Sofia Jawed-Wessel,TED
429,Fb3yp4uJhq0,What happens when you have a disease doctors can't diagnose | Jennifer Brea,TED
430,C74amJRp730,How a handful of tech companies control billions of minds every day | Tristan Harris,TED
431,MEDgtjpycYg,How to speak up for yourself | Adam Galinsky,TED
432,wtl5UrrgU8c,"The secret to giving great feedback | The Way We Work, a TED series",TED
433,tiwVMrTLUWg,Chris Urmson: How a driverless car sees the road,TED
434,_vS_b7cJn2A,"Tom Wujec: Got a wicked problem? First, tell me how you make toast",TED
435,Y0vRupFPw90,"How a dragonfly's brain is designed to kill | DIY Neuroscience, a TED series",TED
436,-E5K2pGB08Y,"""Awoo"" | Sofi Tukker",TED
437,K926HAKRFvw,A robot that runs and swims like a salamander | Auke Ijspeert,TED
438,h8cF5QPPmWU,Manu Prakash: A 50-cent microscope that folds like origami,TED
439,n8yhaFd_GpM,A scientific approach to the paranormal | Carrie Poppy,TED
440,pcSlowAhvUk,Glenn Greenwald: Why privacy matters,TED
441,ORthzIOEf30,The biology of our best and worst selves | Robert Sapolsky,TED
442,0iIh5YYDR2o,Michael Porter: Why business can be good at solving social problems,TED
443,6Waurx8e-1o,Leonard Susskind: My friend Richard Feynman,TED
444,BpxVIwCbBK0,Why videos go viral | Kevin Allocca,TED
445,iQsnObyii4Q,Why great architecture should tell a story | Ole Scheeren,TED
446,g_CSsL3it9Y,Kiran Bedi: How I remade one of India's toughest prisons,TED
447,xRL2vVAa47I,"How Amazon, Apple, Facebook and Google manipulate our emotions | Scott Galloway",TED
448,KQ9FfzMKBNc,"How caffeine and alcohol affect your sleep | Sleeping with Science, a TED series",TED
449,NaoSp4NpkGg,Wireless data from every light bulb | Harald Haas,TED
450,uTL9tm7S1Io,Your words may predict your future mental health | Mariano Sigman,TED
451,jdpIKXLLYYM,How to make work-life balance work | Nigel Marsh,TED
452,6c0VtOdibcI,Morgan Spurlock: The greatest TED Talk ever sold,TED
453,c9V6OKlY80k,You have no idea where camels really come from | Latif Nasser,TED
454,7n9IOH0NvyY,Why Gender Equality Is Good for Everyone — Men Included | Michael Kimmel | TED Talks,TED
455,jQ95xlZeHo8,How autism freed me to be myself | Rosie King,TED
456,I7QwxbImhZI,East vs west -- the myths that mystify | Devdutt Pattanaik,TED
457,GRfudKFLAmI,The genius behind some of the world's most famous buildings | Renzo Piano,TED
458,u4L130DkdOw,"See how the rest of the world lives, organized by income | Anna Rosling Rönnlund",TED
459,KzIp4IzDPG0,The perks of being a pirate | Tom Nash,TED
460,ygRNoieAnzI,Neil Harbisson: I listen to color,TED
461,Qy5A8dVYU3k,Want to be happier? Stay in the moment | Matt Killingsworth,TED
462,IOrmS8vJDQw,"To overcome challenges, stop comparing yourself to others | Dean Furness",TED
463,td1PbsV6B80,A call to men | Tony Porter,TED
464,mbbMLOZjUYI,What's so funny about mental illness? | Ruby Wax,TED
465,jMVAgCPYYHY,What the discovery of gravitational waves means | Allan Adams,TED
466,cgxZ4H3gJ8c,You owe it to yourself to experience a total solar eclipse | David Baron,TED
467,7zT7iKmfrCU,Tom Shannon's gravity-defying sculpture,TED
468,byAogVoMViE,How I help people understand vitiligo | Lee Thomas,TED
469,XNbaR54Gpj4,The psychology of your future self | Dan Gilbert,TED
470,ge3--1hOm1s,The Future of Flying Robots | Vijay Kumar | TED Talks,TED
471,PB7xs7UpIfY,The 4 stories we tell ourselves about death | Stephen Cave,TED
472,yXZqYFDFgT8,An 11-year-old prodigy performs old-school jazz | Joey Alexander,TED
473,ORYKKNoRcDc,The 4 a.m. mystery | Rives,TED
474,nUdsTizSxSI,Why we think it's OK to cheat and steal (sometimes) | Dan Ariely,TED
475,G2XBIkHW954,The linguistic genius of babies | Patricia Kuhl,TED
476,0PAy1zBtTbw,Use art to turn the world inside out | JR,TED
477,UoBUXOOdLXY,How Arduino is open-sourcing imagination | Massimo Banzi,TED
478,Z1R1z9ipFnM,The magic ingredient that brings Pixar movies to life | Danielle Feinberg,TED
479,mguvTfAw4wk,How cohousing can make us happier (and live longer) | Grace Kim,TED
480,3aYWvujaT6M,Falling in love is the easy part | Mandy Len Catron,TED
481,2g8BeujckJY,How understanding divorce can help your marriage | Jeannie Suk Gersen,TED
482,18zvlz5CxPE,What does my headscarf mean to you? | Yassmin Abdel-Magied,TED
483,o1Z4F4e2Bw4,Hunting for dinosaurs showed me our place in the universe | Kenneth Lacovara,TED
484,xHHb7R3kx40,Why fascism is so tempting -- and how your data could power it | Yuval Noah Harari,TED
485,0K5OO2ybueM,Why our screens make us less happy | Adam Alter,TED
486,CVa_IZVzUoc,Design at the Intersection of Technology and Biology | Neri Oxman | TED Talks,TED
487,b_6-iVz1R0o,The pattern behind self-deception | Michael Shermer,TED
488,mT4Qbp89nIQ,The surprising solution to ocean plastic | David Katz,TED
489,NYKcOFQCeno,The math and magic of origami | Robert Lang,TED
490,J-I2eScPkEw,How healthy living nearly killed me | A.J. Jacobs,TED
491,h4MhbkWJzKk,Ben Goldacre: Battling Bad Science,TED
492,rXkOPv3wVZw,How we found the giant squid | Edith Widder,TED
493,Rl2LwnaUA-k,3 clues to understanding your brain | VS Ramachandran,TED
494,iFTWM7HV2UI,We're building a dystopia just to make people click on ads | Zeynep Tufekci,TED
495,9B0PaSznWJE,"Yup, I built a nuclear fusion reactor | Taylor Wilson",TED
496,6zVS8HIPUng,Sarah-Jayne Blakemore: The mysterious workings of the adolescent brain,TED
497,jiDQDLnEXdA,Why the best hire might not have the perfect resume | Regina Hartley,TED
498,u2V0vOFexY4,Exploring the mind of a killer | Jim Fallon,TED
499,I5g9-4fx60A,A radical plan to end plastic waste | Andrew Forrest,TED
500,nncY-MA1Iu8,How to succeed? Get more sleep | Arianna Huffington,TED
501,QoT0-2vu9m4,10 top time-saving tech tips | David Pogue,TED
502,chXsLtHqfdM,Ernesto Sirolli: Want to help someone? Shut up and listen!,TED
503,_7_XH1CBzGw,What is so special about the human brain? | Suzana Herculano-Houzel,TED
504,RKmxL8VYy0M,What doctors don't know about the drugs they prescribe | Ben Goldacre,TED
505,WyOSqjIABe0,How to find a wonderful idea | OK Go,TED
506,c0H1zU2ytxA,Half a million secrets | Frank Warren,TED
507,VYU25aJpg5o,The deadly genius of drug cartels | Rodrigo Canales,TED
508,YX_OxBfsvbk,Why is 'x' the unknown? | Terry Moore,TED
509,tsgvhP07BC8,"Mosquitos, malaria and education | Bill Gates",TED
510,bJ8Kq1wucsk,Does money make you mean? | Paul Piff,TED
511,PYJ22-YYNW8,"This is what makes employees happy at work | The Way We Work, a TED series",TED
512,lDq9-QxvsNU,Sheena Iyengar: The art of choosing,TED
513,uebxlIrosiM,Before I die I want to... | Candy Chang,TED
514,jn0Ygp7pMbA,Why dieting doesn't usually work | Sandra Aamodt,TED
515,bp9KBrH8H04,Google's driverless car | Sebastian Thrun,TED
516,PsihkFWDt3Y,How to buy happiness | Michael Norton,TED
517,5YkNkscBEp0,What's wrong with what we eat | Mark Bittman,TED
518,uv5-hIif7BQ,A rare galaxy that's challenging our understanding of the universe | Burçin Mutlu-Pakdil,TED
519,y3jYVe1RGaU,Sugata Mitra: Build a School in the Cloud,TED
520,HNOnvp5t7Do,Julian Assange: Why the world needs WikiLeaks,TED
521,QleRgTBMX88,On being wrong | Kathryn Schulz,TED
522,Hc6yi_FtoNo,"The walk from ""no"" to ""yes"" | William Ury",TED
523,I-jk9ni4XWk,Dan Buettner: How to live to be 100+,TED
524,BZoKfap4g4w,The magic washing machine | Hans Rosling,TED
525,gWPFJgLAzu4,Have we reached the end of physics? | Harry Cliff,TED
526,s2cixaL9H3U,"How to let go of being a ""good"" person — and become a better person | Dolly Chugh",TED
527,vs41JrnGaxc,Jonathan Haidt: The moral roots of liberals and conservatives,TED
528,XRWTyUVh0BQ,Parag Khanna maps the future of countries,TED
529,U6FvJ6jMGHU,Daphne Koller: What we're learning from online education,TED
530,t2gbcVaZ448,The danger of hiding who you are | Morgana Bailey,TED
531,XTf9Sdrq1zg,My road trip through the whitest towns in America | Rich Benjamin,TED
532,JNJlhtNpuiU,Naturally 7 beatbox a whole band,TED
533,PLk8Pm_XBJE,How we'll become cyborgs and extend human potential | Hugh Herr,TED
534,VAJ-5J21Rd0,iO Tillett Wright: Fifty shades of gay,TED
535,o0I0Poe3qlg,Alejandro Aravena: My architectural philosophy? Bring the community into the process,TED
536,Kc0Kthyo0hU,What's so sexy about math? | Cédric Villani,TED
537,8iYpxRXlboQ,A roadmap to end aging | Aubrey de Grey,TED
538,FD5ZKi-moMU,Michael Tilson Thomas: Music and emotion through time,TED
539,AYzA2uyd9_s,Inside America's dead shopping malls | Dan Bell,TED
540,pVeq-0dIqpk,How to build (and rebuild) trust | Frances Frei,TED
541,ieSV8-isy3M,"Floating cities, the LEGO House and other architectural forms of the future | Bjarke Ingels",TED
542,PktUzdnBqWI,A Darwinian theory of beauty | Denis Dutton,TED
543,kFMZrEABdw4,Bring on the learning revolution! | Ken Robinson,TED
544,X41iulkRqZU,12 truths I learned from life and writing | Anne Lamott,TED
545,cmpu58yv8-g,Isaac Lidsky: What reality are you creating for yourself? | TED,TED
546,n77BfxnVlyc,12 sustainable design ideas from nature | Janine Benyus,TED
547,YnAVjkuQz-Y,Brian Cox: What went wrong at the Large Hadron Collider,TED
548,FmpIMt95ndU,"Stanley McChrystal: Listen, learn ... then lead",TED
549,2Euof4PnjDk,The enchanting music of sign language | Christine Sun Kim,TED
550,dTwXeZ4GkzI,The opportunity of adversity | Aimee Mullins,TED
551,rFpDK2KhAgw,Why you should talk to strangers | Kio Stark,TED
552,UAinLaT42xY,Tim Brown urges designers to think big,TED
553,UWKvpFZJwcE,"Peter Doolittle: How your ""working memory"" makes sense of the world",TED
554,lVQ3KUTHDe0,Leana Wen: What your doctor won’t disclose,TED
555,c73Q8oQmwzo,How Boredom Can Lead to Your Most Brilliant Ideas | Manoush Zomorodi | TED,TED
556,Q6U69HbAF9Y,How I built a jet suit | Richard Browning,TED
557,FhP0AfZdRZ4,How porn changes the way teens think about sex | Emily F. Rothman,TED
558,-Z-vyLHi2us,Our natural sleep cycle | Jessa Gamble,TED
559,jeOumyTMCI8,The fight against sex slavery | Sunitha Krishnan,TED
560,YrZTho_o_is,Embrace the Shake | Phil Hansen | TED Talks,TED
561,aRcD31sA2a0,3 ways to build a happy marriage and avoid divorce | George Blair-West,TED
562,t4kyRyKyOpo,The wonderful and terrifying implications of computers that can learn | Jeremy Howard,TED
563,Cd0JH1AreDw,Eric Liu: Why ordinary people need to understand power,TED
564,R9g3Q-qvtss,Itay Talgam: Lead like the great conductors,TED
565,i0h7N1ukZ4A,Why you don't need 8 glasses of water a day | Body Stuff with Dr. Jen Gunter,TED
566,1qq7lDL-bzY,Why students should have mental health days | Hailey Hardcastle,TED
567,NP8xt8o4_5Q,Don't fear intelligent machines. Work with them | Garry Kasparov,TED
568,4Q2aznfmcYU,Dambisa Moyo: Is China the new idol for emerging economies?,TED
569,lq_BVyou38s,How I beat stage fright | Joe Kowan,TED
570,6OaIdwUdSxE,Tyler DeWitt: Hey science teachers -- make it fun,TED
571,v19OlWvdUSg,"A skateboard, with a boost | Sanjay Dastoor",TED
572,rYwTA5RA9eU,Anant Agarwal: Why massively open online courses (still) matter,TED
573,dY7iATJVCso,Marla Spivak: Why bees are disappearing,TED
574,ZkwqZfvbdFw,How you can use impostor syndrome to your benefit | Mike Cannon-Brookes,TED
575,1K5SycZjGhI,"Weird, or just different? | Derek Sivers",TED
576,Diuv3XZQXyc,Peter Singer: The why and how of effective altruism,TED
577,60P7717-XOQ,Computing a theory of everything | Stephen Wolfram,TED
578,zkQL7UJYDIY,Arunachalam Muruganantham: How I started a sanitary napkin revolution!,TED
579,RjquHTj4HlY,America Ferrera: My identity is a superpower -- not an obstacle | TED,TED
580,-yOXsK5-SFY,Sirena Huang: An 11-year-old's magical violin,TED
581,oEIYHTlbeLA,The magic of Khmer classical dance | Prumsodun Ok,TED
582,o9DNWK6WfQw,Our lonely society makes it hard to come home from war | Sebastian Junger,TED
583,UxQDG6WQT5s,Art in the age of machine intelligence | Refik Anadol,TED
584,9RMx31GnNXY,Printing a human kidney | Anthony Atala,TED
585,0ygtX2nyexo,A doctor's case for medical marijuana | David Casarett,TED
586,guXxy8LH2QM,"Looking for a job? Highlight your ability, not your experience | Jason Shen",TED
587,GOCUH7TxHRI,How we read each other's minds | Rebecca Saxe,TED
588,IBf9pXOmpFw,"Why the pencil is perfect | Small Thing Big Idea, a TED series",TED
589,LQMLFryA_7k,The search for dark matter -- and what we've found so far | Risa Wechsler,TED
590,ooUqOwh-2LE,The shared experience of absurdity | Charlie Todd,TED
591,YKACzIrog24,Eduardo Briceño: How to get better at the things you care about | TED,TED
592,lA-zdh_bQBo,Barry Schwartz: Our loss of wisdom,TED
593,iBa9EoEbb38,"8 lessons on building a company people enjoy working for | The Way We Work, a TED series",TED
594,8i-pNVj5KMw,Anand Giridharadas: A tale of two Americas. And the mini-mart where they collided,TED
595,tPBFVIxnbDw,How to change your behavior for the better | Dan Ariely,TED
596,4AYE3w5TWHs,Bjarke Ingels: 3 warp-speed architecture tales,TED
597,FMJgZ4s2E3w,The demise of guys? | Philip Zimbardo,TED
598,3nsoN-LS8RQ,Michael Sandel: Why we shouldn't trust markets with our civic life,TED
599,B8rmi95pYL0,The optimism bias | Tali Sharot,TED
600,RAoo--SeUIk,Richard Turere: My invention that made peace with lions,TED
601,Vyn_xLrtZaY,Margaret Heffernan: Why it's time to forget the pecking order at work,TED
602,3Y2Or0LlO6g,"Lesley Hazleton: A ""tourist"" reads the Koran",TED
603,3gSSNHO1dDs,Ze Frank's web playroom,TED
604,XY_lzonfE3I,A new way to remove CO2 from the atmosphere | Jennifer Wilcox,TED
605,Q1ZeXnmDZMQ,James Kunstler: How bad architecture wrecked cities,TED
606,yjYrxcGSWX4,A powerful way to unleash your natural creativity | Tim Harford,TED
607,9h2dF-IsH0I,Defend our freedom to share (or why SOPA is a bad idea) | Clay Shirky,TED
608,7O7BMa9XGXE,How America's public schools keep kids in poverty | Kandice Sumner,TED
609,QeIrdqU0o9s,Why some people find exercise harder than others | Emily Balcetis,TED
610,UmvOgW6iV2s,John McWhorter: Txtng is killing language. JK!!!,TED
611,j81saupKVpo,Helder Guimarães: A magical search for a coincidence,TED
612,N6wjC0sxD2o,Design for All 5 Senses | Jinsop Lee | TED Talks,TED
613,gWmRkYsLzB4,The jobs we'll lose to machines -- and the ones we won't | Anthony Goldbloom,TED
614,CQ5dRyyHwfM,Could we speak the language of dolphins? | Denise Herzing,TED
615,9AgCr2tTvng,The beauty of being a misfit | Lidia Yuknavitch,TED
616,PY_kd46RfVE,Dare to disagree | Margaret Heffernan,TED
617,NgbqXsA62Qs,James B. Glattfelder: Who controls the world?,TED
618,eqsXc_aefKI,The hidden beauty of pollination | Louie Schwartzberg,TED
619,sR6P5Qdvlnk,5 ways to kill your dreams | Bel Pesce,TED
620,y-Gk_Ddhr0M,A theory of everything | Garrett Lisi,TED
621,hPsUXhXgWmI,Michael Sandel: The lost art of democratic debate,TED
622,PVXQUItNEDQ,Ray Kurzweil: Get ready for hybrid thinking,TED
623,j7fRIGphgtk,Amanda Burden: How public spaces make cities work,TED
624,1pq5jnM1C-A,Sheena Iyengar: How to make choosing easier,TED
625,KzGjEkp772s,Dangerous memes | Dan Dennett,TED
626,Rhcrbcg8HBw,"A healthy economy should be designed to thrive, not grow | Kate Raworth",TED
627,8Dv2Hdf5TRg,Lessons from the longest study on human development | Helen Pearson,TED
628,96HHmILhyrE,Glow-in-the-dark sharks and other stunning sea creatures | David Gruber,TED
629,knJWF4km3y0,"How much sleep do you really need? | Sleeping with Science, a TED series",TED
630,KnCqR2yUXoU,Turning trash into toys for learning | Arvind Gupta,TED
631,7a5NyUITbyk,How we can turn the cold of outer space into a renewable resource | Aaswath Raman,TED
632,PCWIGN3181U,Deep sea diving ... in a wheelchair | Sue Austin,TED
633,Ds_rzoyyfF0,The next step in nanotechnology | George Tulevski,TED
634,uYyvbgINZkQ,Verna Myers: How to overcome our biases? Walk boldly toward them,TED
635,TDaFwnOiKVE,How algorithms shape our world | Kevin Slavin,TED
636,CuQHSKLXu2c,Steven Pinker: Human nature and the blank slate,TED
637,gjq2BoAF0JA,How germs travel on planes -- and how we can stop them | Raymond Wang,TED
638,Se8kcnU-uZw,How architecture helped music evolve | David Byrne,TED
639,2wseM6wWd74,The science of cells that never get old | Elizabeth Blackburn,TED
640,OI_OhvOumT0,Gene editing can now change an entire species -- forever | Jennifer Kahn,TED
641,q49LtMyXK7Q,The secret sneaker market — and why it matters | Josh Luber,TED
642,BltRufe5kkI,Abundance is our future | Peter Diamandis,TED
643,8pHzROP1D-w,Kenneth Cukier: Big data is better data,TED
644,a_1UEAGCo30,"The case for anonymity online | Christopher ""moot"" Poole",TED
645,k6qTwqiHnAM,Amos Winter: The cheap all-terrain wheelchair,TED
646,AyWtIwwEgS0,The next manufacturing revolution is here | Olivier Scalabre,TED
647,2UxGrde1NDA,Heather Barnett: What humans can learn from semi-intelligent slime,TED
648,16cM-RFid9U,How Airbnb designs for trust | Joe Gebbia,TED
649,k4N2SxUZwiU,How I found a mythical boiling river in the Amazon | Andrés Ruzo,TED
650,UK8ccWSZkic,Debate: Does the world need nuclear energy?,TED
651,O3a9AYu5SUQ,The mysterious world of underwater caves | Jill Heinerth,TED
652,TS6lFDVR-3g,Why school should start later for teens | Wendy Troxel,TED
653,th3nnEpITz0,Will automation take away all our jobs? | David Autor,TED
654,vY2l2xfDBcE,Our failing schools. Enough is enough! | Geoffrey Canada,TED
655,ramBFRt1Uzk,The surprising decline in violence | Steven Pinker,TED
656,GqnJFm1C-3c,Jamil Abu-Wardeh: The Axis of Evil Middle East Comedy Tour,TED
657,Wgt8QUHQjw8,How your brain decides what is beautiful | Anjan Chatterjee,TED
658,51z7WRDjOjM,What separates us from chimpanzees? | Jane Goodall,TED
659,7Q25-S7jzgs,Laws that choke creativity | Larry Lessig,TED
660,LbIXYEW9CSQ,"Harsha Bhogle: The rise of cricket, the rise of India",TED
661,VbeekjZP-CI,Songs that bring history to life | Rhiannon Giddens,TED
662,ac0E6deG4AU,Unveiling the genius of multi-touch interface design | Jeff Han,TED
663,0MD4Ymjyc2I,"Yves Morieux: As work gets more complex, 6 rules to simplify",TED
664,g-ycQufrgK4,A promising test for pancreatic cancer ... from a teenager | Jack Andraka,TED
665,m5HQamrXlSY,What almost dying taught me about living | Suleika Jaouad,TED
666,dJgiYBdD2VA,Love -- you're doing it wrong | Yann Dall'Aglio,TED
667,YyBk55G7Keo,Caroline Casey: Looking past limits,TED
668,z9jXW9r1xr8,Are indoor vertical farms the future of agriculture? | Stuart Oda,TED
669,8D0pwe4vaQo,Where does creativity hide? | Amy Tan,TED
670,3B_1itqCKHo,The way we think about work is broken | Barry Schwartz,TED
671,TrwaDlrXB6w,Andrew Bird's one-man orchestra of the imagination,TED
672,ptIecdCZ3dg,The secret to living longer may be your social life | Susan Pinker,TED
673,stUl_OapUso,The way we think about biological sex is wrong | Emily Quinn,TED
674,7H0qAqXR-fw,Can you actually boost your immune system? Here's the truth | Body Stuff with Dr. Jen Gunter,TED
675,ogeGJS0GEF4,Why you should love statistics | Alan Smith,TED
676,tbicAmaXYtM,"An interview with the founders of Black Lives Matter | Alicia Garza, Patrisse Cullors, Opal Tometi",TED
677,b6YTQJVzwlI,Pointing to the future of UI | John Underkoffler,TED
678,MNuOmTQdFjA,Stefan Sagmeister: The power of time off,TED
679,6Lp-NMaU0r8,Israel and Iran: A love story?,TED
680,HdwOlk6HIVc,Why we need the explorers | Brian Cox,TED
681,uSUOdu_5MPc,How computers are learning to be creative | Blaise Agüera y Arcas,TED
682,grtGI7QpPdw,A theory of everything | Emily Levine,TED
683,uH0aihGWB8U,Daniel Kish: How I use sonar to navigate the world,TED
684,9-5SMpg7Q0k,3 secrets of resilient people | Lucy Hone,TED
685,OIlSXRC-B-I,Be humble -- and other lessons from the philosophy of water | Raymond Tang,TED
686,YsA_JTeHJ6A,How to design a library that makes kids want to read |  Michael Bierut,TED
687,ka8L1YMR88U,Kathryn Schulz: Don't regret regret,TED
688,LjQM8PzCEY0,Steven Pinker: What our language habits reveal,TED
689,Us70DN2XSfM,How to raise a Black son in America | Clint Smith,TED
690,8VwTZFY-fvw,Chris Burkard: The joy of surfing in ice-cold water,TED
691,AGKZhNK_pHw,My photographs bear witness | James Nachtwey,TED
692,Li7PsYiwxVc,SpaceX's Supersized Starship Rocket and the Future of Galactic Exploration | Jennifer Heldmann | TED,TED
693,eNAHVnkll5M,What I discovered in New York City trash | Robin Nagle,TED
694,HiwJ0hNl1Fw,Let's design social media that drives real change | Wael Ghonim,TED
695,PVfd6fg7QsM,Before Avatar ... a curious boy | James Cameron,TED
696,uzKBGtf0i0M,"Embracing otherness, embracing myself | Thandiwe Newton",TED
697,d6NKdnZvdoo,Chrystia Freeland: The rise of the new global super-rich,TED
698,ODLg_00f9BE,What does it mean to be a citizen of the world? | Hugh Evans,TED
699,YpKbO6O3O3M,New insights on poverty | Hans Rosling,TED
700,evw0h1kg-j4,Yuko Munakata: The science behind how parents affect child development | TED,TED
701,cTIUiN6inIQ,"How to make faster decisions | The Way We Work, a TED series",TED
702,sY0Pf_pfqCI,4 Lessons in Creativity | Julie Burstein | TED Talks,TED
703,Xe2nlti47kA,"Linda Cliatt-Wayman: How to fix a broken school? Lead fearlessly, love hard",TED
704,L3QkaS249Bc,How do we heal medicine? | Atul Gawande,TED
705,pmfjaSH2EDY,Alex Smith: An NFL quarterback on overcoming setbacks and self-doubt | TED,TED
706,5ifMRNag2XU,Isabel Allende: How to live passionately—no matter your age | TED,TED
707,zd-dqUuvLk4,Creativity is a remix | Kirby Ferguson,TED
708,dsJWs6Z6eNs,How the West can adapt to a rising Asia | Kishore Mahbubani,TED
709,ay8OMOsf6AQ,Benoit Mandelbrot: Fractals and the art of roughness,TED
710,OM6XIICm_qo,"Tim Berners-Lee: The next Web of open, linked data",TED
711,k4vzhweOefs,"Ricardo Semler: Radical wisdom for a company, a school, a life",TED
712,JKsHhXwqDqM,Thomas Piketty: New thoughts on capital in the twenty-first century,TED
713,0BSaphO1v-U,How the James Webb Space Telescope Will Unfold the Universe | John C. Mather | TED,TED
714,9jZHw7Wf0v0,How to stop swiping and find your person on dating apps | Christina Wallace,TED
715,XyTcINLKq4c,Four billion years of evolution in six minutes | Prosanta Chakrabarty,TED
716,X-ywH1Vj8_U,"Theremin, the untouchable music | Pamelia Kurstin",TED
717,fiK5-oAaeUs,Asia's rise -- how and when | Hans Rosling,TED
718,2UZKME9WP9M,The search for our solar system's ninth planet | Mike Brown,TED
719,aUBawr1hUwo,The Art of Stillness | Pico Iyer | TED,TED
720,XE_FPEFpHt4,"Andrew Blum: What is the Internet, really?",TED
721,9CqVYUOjHLw,How the NSA betrayed the world's trust -- time to act | Mikko Hypponen,TED
722,um5gMZcZWm0,Steven Levitt on child carseats,TED
723,DCIL2nvU4x8,A shark-deterrent wetsuit (and it's not what you think) | Hamish Jolly,TED
724,aI8KiPiVLyY,Robyn Stein DeLuca: The good news about PMS,TED
725,ZjeZ8r7yWOk,What if all US health care costs were transparent? | Jeanne Pinder,TED
726,qQ-PUXPVlos,How we need to remake the internet | Jaron Lanier,TED
727,bXQAgzfwuNQ,Joshua Klein: The intelligence of crows,TED
728,OwgWkUIm9Gc,What fear can teach us | Karen Thompson Walker,TED
729,nOHbn8Q1fBM,The ethical dilemma of designer babies | Paul Knoepfler,TED
730,2U-tOghblfE,Nicholas Christakis: The hidden influence of social networks,TED
731,fSErHToV8IU,James Lyne: Everyday cybercrime -- and what you can do about it,TED
732,88d-58tWhGs,"The most detailed map of galaxies, black holes and stars ever made | Juna Kollmeier",TED
733,9RTkZaX1cH0,What a planet needs to sustain life | Dave Brain,TED
734,CyGWML6cI_k,A bold idea to replace politicians | César Hidalgo,TED
735,PKIvop5hJ90,Dancing with light | Quixotic Fusion,TED
736,audakxABYUc,Life lessons from an ad man | Rory Sutherland,TED
737,c64Aia4XE1Y,The design of the universe | George Smoot,TED
738,0nI65jgHG9o,Chip Kidd: The art of first impressions — in design and life,TED
739,2m9kC1yRnLQ,Michel Laberge: How synchronized hammer strikes could generate nuclear fusion,TED
740,PI5V1-IFvlI,Why it's so hard to make healthy decisions | David Asch,TED
741,bzlYyhh3X0w,Enough with the fear of fat | Kelli Jean Drinkwater,TED
742,pPgd7Hj3ABQ,The future of money | Neha Narula,TED
743,3yfFwDq4R5M,My Inner Life with Asperger's | Alix Generous | TED Talks,TED
744,3boKz0Exros,How to turn a group of strangers into a team | Amy Edmondson,TED
745,LJhklPJz9U8,Are we sexual omnivores? | Christopher Ryan,TED
746,LYCKzpXEW6E,"Taiye Selasi: Don't ask where I'm from, ask where I'm a local | TED",TED
747,hU446HDtGv8,"Nellie McKay: ""Mother of Pearl"" and ""If I Had You""",TED
748,KPPxXeoIzRY,A Choreographer's Creative Process in Real Time | Wayne McGregor | TED Talks,TED
749,PaxNc5-qn6s,"Know your worth, and then ask for it | Casey Brown",TED
750,iE9HMudybyc,Nilofer Merchant: Got a meeting? Take a walk,TED
751,Zq7QPnqLoUk,The politics of fiction | Elif Shafak,TED
752,fZ8eyWBQmfU,Marco Tempest: The augmented reality of techno-magic,TED
753,9F8-jp_6Uqg,Photos that give voice to the animal kingdom | Frans Lanting,TED
754,gi6rMXu_veE,You are not alone in your loneliness | Jonny Sun,TED
755,3QZp6smeSQA,Michael Pawlyn: Using nature's genius in architecture,TED
756,Fxt_MZKMdes,Roxane Gay: Confessions of a bad feminist | TED,TED
757,urntcMUJR9M,5 ways to lead in an era of constant change | Jim Hemerling,TED
758,ooIxHVXgLbc,The surprising thing I learned sailing solo around the world | Dame Ellen MacArthur,TED
759,H9ZOpQzjukY,A glimpse of the future through an augmented reality headset | Meron Gribetz,TED
760,i-icXZ2tMRM,Rob Knight: How our microbes make us who we are,TED
761,crjU5hu2fag,William Kamkwamba: How I harnessed the wind,TED
762,OLHh9E5ilZ4,When ideas have sex | Matt Ridley,TED
763,RE4ce4mexrU,Deb Roy: The birth of a word,TED
764,pLqjQ55tz-U,The beauty of data visualization | David McCandless,TED
765,fVhggGSjXVg,A headset that reads your brainwaves | Tan Le,TED
766,sxnlvwprf_c,Abraham Verghese: A doctor's touch,TED
767,f7MghGrscVA,"How octopuses battle each other | DIY Neuroscience, a TED series",TED
768,Qewckuxa9hw,The tyranny of merit | Michael Sandel,TED
769,vc-n852sv3E,The laws that sex workers really want | Juno Mac,TED
770,gu_PQBmk-6c,If I controlled the Internet | Rives,TED
771,6ORDQFh0Byw,Lesley Hazleton: The doubt essential to faith,TED
772,W59CV66z9lQ,"Sarah Kurnick: ""Aliens built the pyramids"" and other absurdities of pseudo-archaeology | TED",TED
773,H3ddtbeduoo,Christopher Emdin: Teach teachers how to create magic,TED
774,Q9XD8yRPxc8,The future of psychedelic-assisted psychotherapy | Rick Doblin,TED
775,A3L6OZdnVWE,"How sound can hack your memory while you sleep | DIY Neuroscience, a TED series",TED
776,NiMgOklgeos,The beauty of human skin in every color | Angélica Dass,TED
777,y66YKWz_sf0,Melissa Marshall: Talk nerdy to me,TED
778,kvdHqS3ryw0,How to get serious about diversity and inclusion in the workplace | Janet Stovall | TED,TED
779,cnQFvrWDYsU,Eric Whitacre: Virtual Choir Live,TED
780,vNpmq6Ok-QQ,A Saudi woman who dared to drive | Manal al-Sharif,TED
781,bL7vK0pOvKI,Wade Davis: Cultures at the far edge of the world,TED
782,gpE_W50OTUc,How to find the person who can help you get ahead at work | Carla Harris,TED
783,qKJv4S5peJQ,What happens in your brain when you pay attention? | Mehdi Ordikhani-Seyedlar,TED
784,P1sbSJK1LiI,3 moons and a planet that could have alien life | James Green,TED
785,j4LSwZ05laQ,Want to be more creative? Go for a walk | Marily Oppezzo,TED
786,YsYHqfk0X2A,3 rules to spark learning | Ramsey Musallam,TED
787,YDvbDiJZpy0,Meet the inventor of the electronic spreadsheet | Dan Bricklin,TED
788,F6Qo8IDsVNg,David Grady: How to save the world (or at least yourself) from bad meetings,TED
789,NWUFjb8w9Ps,Math class needs a makeover | Dan Meyer,TED
790,HHwXlcHcTHc,Stuart Brown: Play is more than fun,TED
791,3m6dV7Xo3Vc,Where Is Home? | Pico Iyer | TED,TED
792,4jBB5iibKy0,Why bother leaving the house? | Ben Saunders,TED
793,rRepnhXq33s,Julian Treasure: The 4 ways sound affects us,TED
794,iUbfRzxNy20,Brian Goldman: Doctors make mistakes. Can we talk about that?,TED
795,hgWie9dnssU,"Jennifer Golbeck: The curly fry conundrum: Why social media ""likes"" say more than you might think",TED
796,X1DlJpPqDFo,The surprising way groups like ISIS stay in power | Benedetta Berti,TED
797,ta2Wvy9F_gA,A climate solution where all sides can win | Ted Halstead,TED
798,D-_Az5nZBBM,Can a divided America heal? | Jonathan Haidt,TED
799,DudfBIxw6do,"Life at 30,000 feet | Richard Branson",TED
800,EHTmxmuhZ10,Philip Evans: How data will transform business,TED
801,hbkB_jNG-zE,Andy Yen: Think your email's private? Think again,TED
802,iFkCMeEhs0Y,"Simon Sinek: How to discover your ""why"" in difficult times | TED",TED
803,mwoLhdHRt_0,How your emotions change the shape of your heart | Sandeep Jauhar,TED
804,0YNeyBANrTI,"Paolo Cardini: Forget multitasking, try monotasking",TED
805,y7rrJAC84FA,Wiring a web for global good | Gordon Brown,TED
806,60OVlfAUPJg,Conrad Wolfram: Teaching kids real math with computers,TED
807,iBErp8qvWZg,"The genius of the London Tube Map | Small Thing Big Idea, a TED series",TED
808,wZ2TF8-PGQ4,Pamela Ronald: The case for engineering our food,TED
809,8atXMqZ_w0M,John Lewis and Bryan Stevenson: The fight for civil rights and freedom | TED,TED
810,a3zPgyvCiJI,Adam Grant: How to stop languishing and start finding flow | TED,TED
811,-GhVGZVcME8,"""Rollercoaster"" | Sara Ramirez",TED
812,hCop3IGZH2o,Tan Le: My immigration story,TED
813,YraU52j3y8s,Sheryl Sandberg: So we leaned in ... now what?,TED
814,b0vDWqp6J7Y,The design genius of Charles + Ray Eames,TED
815,V-WkUKP1l3c,Marco Tempest: The electric rise and fall of Nikola Tesla,TED
816,eXp5QSfXLQU,Extreme wingsuit flying (The TEDTalk),TED
817,NUFEBioLPf8,How we can turn the tide on climate | Christiana Figueres and Chris Anderson,TED
818,q43uXdOKPD8,Shigeru Ban: Emergency shelters made from paper,TED
819,PX61e3sAj5k,The little risks you can take to increase your luck | Tina Seelig,TED
820,Z4PwHD7XKj0,Philippe Starck: Design and destiny,TED
821,CgNx9Bgac1I,"Richard St. John: ""Success is a continuous journey""",TED
822,DOisAG9yoNk,"3 psychological tricks to help you save money | The Way We Work, a TED series",TED
823,2t13Rq4oc7A,The unexpected benefit of celebrating failure | Astro Teller,TED
824,x6fIseKzzH0,"Why working from home is good for business | The Way We Work, a TED series",TED
825,uq-6T6TAu74,Why some people are more altruistic than others | Abigail Marsh,TED
826,7SfRgg9botI,Anthony Atala: Growing new organs,TED
827,a8nDJaH-fVE,Susan Savage-Rumbaugh: The gentle genius of bonobos,TED
828,IjbTiRbeNpM,How AI can bring on a second Industrial Revolution | Kevin Kelly,TED
829,P8GCjrDWWUM,Our campaign to ban plastic bags in Bali | Melati and Isabel Wijsen,TED
830,OaGEM-Rms48,A taboo-free way to talk about periods | Aditi Gupta,TED
831,NmV5UIdIsQI,10 steps to boost your financial health -- that you can do in a day | Your Money and Your Mind,TED
832,nItwVO9stX8,"Sheikha Al Mayassa: Globalizing the local, localizing the global",TED
833,xpnFeyMGUs8,Niall Ferguson: The 6 killer apps of prosperity,TED
834,VMXdSkW6hns,What we don't teach kids about sex | Sue Jaye Johnson,TED
835,xF-CX9mAHPo,Al Vernacchio: Sex needs a new metaphor. Here's one ...,TED
836,Wai4ub90stQ,Jeff Speck: The walkable city,TED
837,K5wCfYujRdE,"Tim Harford: Trial, error and the God complex",TED
838,KCr8s57hdzY,The revolutionary power of diverse thought | Elif Shafak,TED
839,2Brajdazp1o,The taboo secret to better health | Molly Winter,TED
840,oIGBBPspTKM,Noy Thrupkaew: Human trafficking is all around you. This is how it works,TED
841,yrcaHGqTqHk,Michael Anti: Behind the Great Firewall of China,TED
842,OPzfxvJ9cq8,How My Mind Came Back to Life — and No One Knew | Martin Pistorius | TED Talks,TED
843,4EUAMe2ixCI,Dan Barber: How I fell in love with a fish,TED
844,UQzvNIIMayo,How to tame your wandering mind | Amishi Jha,TED
845,0rAngiiXBAc,Why we get mad -- and why it's healthy | Ryan Martin,TED
846,O6jrLgvCUNs,Harry Baker: A love poem for lonely prime numbers,TED
847,a63t8r70QN0,What you should know about vaping and e-cigarettes | Suchitra Krishnan-Sarin,TED
848,tFfYh9THuGo,How a long-forgotten virus could help us solve the antibiotics crisis | Alexander Belcredi,TED
849,rFAdlU2ETjU,"Paul Zak: Trust, morality - and oxytocin",TED
850,MD23gIlr52Y,Diébédo Francis Kéré: How to build with clay... and community,TED
851,GSf6nij-SdA,How online abuse of women has spiraled out of control | Ashley Judd,TED
852,ElJxUVJ8blw,Jackson Katz: Violence against women—it's a men's issue,TED
853,mMEPV-NTeZs,Why we have virus outbreaks & how we can prevent them | Nathan Wolfe,TED
854,UuskKfv2zxI,What's at the bottom of the ocean -- and how we're getting there | Victor Vescovo,TED
855,iEy-xTbcr2A,America's forgotten working class | J.D. Vance,TED
856,fHfhorJnAEI,"See invisible motion, hear silent sounds. Cool? Creepy? We can't decide | Michael Rubinstein",TED
857,CbVflDOWCbU,Dean Ornish: Healing through diet,TED
858,2cYDyMnL4M8,Nandan Nilekani's ideas for India's future,TED
859,dOt4NkcmIUg,How China is changing the future of shopping | Angela Wang,TED
860,FKxaL8Iau8Q,Bob Mankoff: Anatomy of a New Yorker cartoon,TED
861,x95nwilkaio,A little-told tale of sex and sensuality | Shereen El Feki,TED
862,Znc6TJAAXFU,"""Redemption Song"" | John Legend",TED
863,GlUS6KE67Vs,Melinda French Gates: What nonprofits can learn from Coca-Cola,TED
864,LVFVaWCV1TE,Hannah Brencher: Love letters to strangers,TED
865,t__NoFstCmQ,How Too Many Rules at Work Keep You from Getting Things Done | Yves Morieux | TED Talks,TED
866,43DuLcBFxoY,Sylvia Earle: How to protect the oceans (TED Prize winner!),TED
867,-Ht4qiDRZE8,Massive-scale online collaboration | Luis von Ahn,TED
868,ofsncCF9O_U,Gary Haugen: The hidden reason for poverty the world needs to address now,TED
869,0DHywidLX6A,Your fingerprints reveal more than you think | Simona Francese,TED
870,e_44G-kE8lE,Michael Dickinson: How a fly flies,TED
871,LPrS7-kx9Y0,Mac Barnett: Why a good book is a secret door,TED
872,6Gw5dK48MtI,"Why books are here to stay | Small Thing Big Idea, a TED series",TED
873,RjwUn-aA0VY,Tim Brown: Tales of creativity and play,TED
874,CpkXmtJOH84,Geraldine Hamilton: Body parts on a chip,TED
875,dvJSK4viVMs,Paul Tudor Jones II: Why we need to rethink capitalism,TED
876,r3wyCxHtGd0,Daniel Goleman: Why arent we all Good Samaritans?,TED
877,phgjouv0BUA,How to disagree productively and find common ground | Julia Dhar,TED
878,xqzLm0Xua8g,"The 3,000-year history of the hoodie | Small Thing Big Idea, a TED series",TED
879,uWfLwKH_Eko,Ethan Nadelmann: Why we need to end the War on Drugs,TED
880,fXYckRgsdjI,Scott McCloud: Understanding comics,TED
881,IfbOyw3CT6A,The accelerating power of technology | Ray Kurzweil,TED
882,xv4_L5zlYaA,How a new species of ancestors is changing our theory of human evolution | Juliet Brophy,TED
883,RlQ3C_VanaU,How artists can (finally) get paid in the digital age | Jack Conte,TED
884,0_UTgoPUTLQ,John Hunter: Teaching with the World Peace Game,TED
885,N7wF2AdVy2Q,How frustration can make us more creative | Tim Harford,TED
886,SGTMSV8QUrs,The anti-CEO playbook | Hamdi Ulukaya,TED
887,1Totz8aa2Gg,"Lies, damned lies and statistics (about TEDTalks)",TED
888,lhoCdZFoktQ,The journey through loss and grief | Jason B. Rosenthal,TED
889,C-VacaaN75o,Gever Tulley: 5 dangerous things you should let your kids do,TED
890,t0pwKzTRG5E,The neurons that shaped civilization | VS Ramachandran,TED
891,HLEgiR1Fsds,"The biology of gender, from DNA to the brain | Karissa Sanbonmatsu",TED
892,CsjV1gjBMbQ,Evan Grant: Making sound visible through cymatics,TED
893,zMWYQRKuc5M,A better way to talk about love | Mandy Len Catron,TED
894,qAC-5hTK-4c,How your brain's executive function works -- and how to improve it | Sabine Doebel,TED
895,IaMnRrrQx48,"Matthew O'Reilly: ""Am I dying?"" The honest answer.",TED
896,0FQXicAGy5U,Siddharthan Chandran: Can the damaged brain repair itself?,TED
897,QOSPNVunyFQ,Nina Jablonski breaks the illusion of skin color,TED
898,CS01Hmjv1pQ,"Ralph Langner: Cracking Stuxnet, a 21st-century cyber weapon",TED
899,5b5BDoddOLA,A 30-year history of the future | Nicholas Negroponte,TED
900,awADEuv5vWY,How we can use light to see deep inside our bodies and brains | Mary Lou Jepsen,TED
901,IessjPY9gwI,Sergey Brin: Why Google Glass?,TED
902,IoRjz8iTVoo,Cradle to cradle design | William McDonough,TED
903,BvpmZktlBFs,There's no shame in taking care of your mental health | Sangu Delle,TED
904,ddw1_3ZVjTE,"Billy Collins: Everyday moments, caught in time",TED
905,uPE0G00XFV0,Neil Pasricha: The 3 A's of awesome,TED
906,waVUm5bhLbg,Empathy Is Not Endorsement | Dylan Marron | TED,TED
907,9TPFLHvn024,Lisa Kristine: Photos that bear witness to modern slavery,TED
908,LIy2oVJtJsA,Krista Donaldson: The $80 prosthetic knee that's changing lives,TED
909,uQGYr9bnktw,The tribes we lead | Seth Godin,TED
910,up4hFj-jcTY,Diana Laufenberg: How to learn? From mistakes,TED
911,t1Z_oufuQg4,Daniel Goldstein: The battle between your present and future self,TED
912,c-rWtqConY8,I leapt from the stratosphere. Here's how I did it | Alan Eustace,TED
913,rEg-ZNB3qyI,Adam Savage: My obsession with objects and the stories they tell,TED
914,b28brIs1OmM,3 lessons on success from an Arab businesswoman | Leila Hoteit,TED
915,TVfmUfr8VPA,"Bonnie Bassler: The secret, social lives of bacteria",TED
916,f-Oupk_4VVo,The smelly mystery of the human pheromone | Tristram Wyatt,TED
917,mw2z9lV3W1g,"We the People, and the Republic we must reclaim | Lawrence Lessig",TED
